[
    {
        "pk": 1,
        "model": "iffcpoll.governorate",
        "fields": {
            "name": "Baghdad",
            "location_ptr": 1
        }
    },
    {
        "pk": 2,
        "model": "iffcpoll.governorate",
        "fields": {
            "name": "Salah ad Din",
            "location_ptr": 2
        }
    },
    {
        "pk": 3,
        "model": "iffcpoll.governorate",
        "fields": {
            "name": "Diyala",
            "location_ptr": 3
        }
    },
    {
        "pk": 4,
        "model": "iffcpoll.governorate",
        "fields": {
            "name": "Wasit",
            "location_ptr": 4
        }
    },
    {
        "pk": 5,
        "model": "iffcpoll.governorate",
        "fields": {
            "name": "Maysan",
            "location_ptr": 5
        }
    },
    {
        "pk": 6,
        "model": "iffcpoll.governorate",
        "fields": {
            "name": "Basra",
            "location_ptr": 6
        }
    },
    {
        "pk": 7,
        "model": "iffcpoll.governorate",
        "fields": {
            "name": "Dhi Qar",
            "location_ptr": 7
        }
    },
    {
        "pk": 8,
        "model": "iffcpoll.governorate",
        "fields": {
            "name": "Al Muthanna",
            "location_ptr": 8
        }
    },
    {
        "pk": 9,
        "model": "iffcpoll.governorate",
        "fields": {
            "name": "Al-Q\u0101disiyyah",
            "location_ptr": 9
        }
    },
    {
        "pk": 10,
        "model": "iffcpoll.governorate",
        "fields": {
            "name": "Babil",
            "location_ptr": 10
        }
    },
    {
        "pk": 11,
        "model": "iffcpoll.governorate",
        "fields": {
            "name": "Karbala",
            "location_ptr": 11
        }
    },
    {
        "pk": 12,
        "model": "iffcpoll.governorate",
        "fields": {
            "name": "Najaf",
            "location_ptr": 12
        }
    },
    {
        "pk": 13,
        "model": "iffcpoll.governorate",
        "fields": {
            "name": "Al Anbar",
            "location_ptr": 13
        }
    },
    {
        "pk": 14,
        "model": "iffcpoll.governorate",
        "fields": {
            "name": "Ninawa",
            "location_ptr": 14
        }
    },
    {
        "pk": 15,
        "model": "iffcpoll.governorate",
        "fields": {
            "name": "Duhok",
            "location_ptr": 15
        }
    },
    {
        "pk": 16,
        "model": "iffcpoll.governorate",
        "fields": {
            "name": "Erbil",
            "location_ptr": 16
        }
    },
    {
        "pk": 17,
        "model": "iffcpoll.governorate",
        "fields": {
            "name": "Kirkuk",
            "location_ptr": 17
        }
    },
    {
        "pk": 18,
        "model": "iffcpoll.governorate",
        "fields": {
            "name": "Sulaymaniyah",
            "location_ptr": 18
        }
    },
    {
        "pk": 1,
        "model": "locations.location",
        "fields": {
            "parent_id": null,
            "parent_type": null,
            "point": 1
        }
    },
    {
        "pk": 2,
        "model": "locations.location",
        "fields": {
            "parent_id": null,
            "parent_type": null,
            "point": 2
        }
    },
    {
        "pk": 3,
        "model": "locations.location",
        "fields": {
            "parent_id": null,
            "parent_type": null,
            "point": 3
        }
    },
    {
        "pk": 4,
        "model": "locations.location",
        "fields": {
            "parent_id": null,
            "parent_type": null,
            "point": 4
        }
    },
    {
        "pk": 5,
        "model": "locations.location",
        "fields": {
            "parent_id": null,
            "parent_type": null,
            "point": 5
        }
    },
    {
        "pk": 6,
        "model": "locations.location",
        "fields": {
            "parent_id": null,
            "parent_type": null,
            "point": 6
        }
    },
    {
        "pk": 7,
        "model": "locations.location",
        "fields": {
            "parent_id": null,
            "parent_type": null,
            "point": 7
        }
    },
    {
        "pk": 8,
        "model": "locations.location",
        "fields": {
            "parent_id": null,
            "parent_type": null,
            "point": 8
        }
    },
    {
        "pk": 9,
        "model": "locations.location",
        "fields": {
            "parent_id": null,
            "parent_type": null,
            "point": 9
        }
    },
    {
        "pk": 10,
        "model": "locations.location",
        "fields": {
            "parent_id": null,
            "parent_type": null,
            "point": 10
        }
    },
    {
        "pk": 11,
        "model": "locations.location",
        "fields": {
            "parent_id": null,
            "parent_type": null,
            "point": 11
        }
    },
    {
        "pk": 12,
        "model": "locations.location",
        "fields": {
            "parent_id": null,
            "parent_type": null,
            "point": 12
        }
    },
    {
        "pk": 13,
        "model": "locations.location",
        "fields": {
            "parent_id": null,
            "parent_type": null,
            "point": 13
        }
    },
    {
        "pk": 14,
        "model": "locations.location",
        "fields": {
            "parent_id": null,
            "parent_type": null,
            "point": 14
        }
    },
    {
        "pk": 15,
        "model": "locations.location",
        "fields": {
            "parent_id": null,
            "parent_type": null,
            "point": 15
        }
    },
    {
        "pk": 16,
        "model": "locations.location",
        "fields": {
            "parent_id": null,
            "parent_type": null,
            "point": 16
        }
    },
    {
        "pk": 17,
        "model": "locations.location",
        "fields": {
            "parent_id": null,
            "parent_type": null,
            "point": 17
        }
    },
    {
        "pk": 18,
        "model": "locations.location",
        "fields": {
            "parent_id": null,
            "parent_type": null,
            "point": 18
        }
    },
    {
        "pk": 1,
        "model": "locations.point",
        "fields": {
            "latitude": "33.333333",
            "longitude": "44.433333"
        }
    },
    {
        "pk": 2,
        "model": "locations.point",
        "fields": {
            "latitude": "34.45",
            "longitude": "43.583333"
        }
    },
    {
        "pk": 3,
        "model": "locations.point",
        "fields": {
            "latitude": "33.883333",
            "longitude": "45.066667"
        }
    },
    {
        "pk": 4,
        "model": "locations.point",
        "fields": {
            "latitude": "32.666667",
            "longitude": "45.75"
        }
    },
    {
        "pk": 5,
        "model": "locations.point",
        "fields": {
            "latitude": "31.9",
            "longitude": "47.033333"
        }
    },
    {
        "pk": 6,
        "model": "locations.point",
        "fields": {
            "latitude": "30.366667",
            "longitude": "47.366667"
        }
    },
    {
        "pk": 7,
        "model": "locations.point",
        "fields": {
            "latitude": "31.233333",
            "longitude": "46.316667"
        }
    },
    {
        "pk": 8,
        "model": "locations.point",
        "fields": {
            "latitude": "30.2",
            "longitude": "45.35"
        }
    },
    {
        "pk": 9,
        "model": "locations.point",
        "fields": {
            "latitude": "31.85",
            "longitude": "45.05"
        }
    },
    {
        "pk": 10,
        "model": "locations.point",
        "fields": {
            "latitude": "32.616667",
            "longitude": "44.55"
        }
    },
    {
        "pk": 11,
        "model": "locations.point",
        "fields": {
            "latitude": "32.45",
            "longitude": "43.8"
        }
    },
    {
        "pk": 12,
        "model": "locations.point",
        "fields": {
            "latitude": "31.116667",
            "longitude": "43.8"
        }
    },
    {
        "pk": 13,
        "model": "locations.point",
        "fields": {
            "latitude": "32.9",
            "longitude": "41.6"
        }
    },
    {
        "pk": 14,
        "model": "locations.point",
        "fields": {
            "latitude": "36",
            "longitude": "42.466667"
        }
    },
    {
        "pk": 15,
        "model": "locations.point",
        "fields": {
            "latitude": "37.05",
            "longitude": "43.15"
        }
    },
    {
        "pk": 16,
        "model": "locations.point",
        "fields": {
            "latitude": "36.183333",
            "longitude": "44.033333"
        }
    },
    {
        "pk": 17,
        "model": "locations.point",
        "fields": {
            "latitude": "35.366667",
            "longitude": "44.133333"
        }
    },
    {
        "pk": 18,
        "model": "locations.point",
        "fields": {
            "latitude": "35.516667",
            "longitude": "45.316667"
        }
    }
]
